id,target
501,0.03934182401195402
502,0.02035040686905166
503,0.24488781229157358
504,0.02992628132972706
505,0.03233574823946363
506,0.024956326878488855
507,0.03123419805974189
508,0.03563516607057292
509,0.017350855567500784
510,0.018326234729746073
511,0.022720708493999715
512,0.021772572851458765
513,0.03465256962692341
514,0.0235926319302159
515,0.02466460206715562
516,0.027643550329400256
517,0.024994941972197954
518,0.025249099298154304
519,0.021753182266735248
520,0.022132862490997156
521,0.028582260322480908
522,0.018134328479965357
523,0.031472727166998477
524,0.016464325350812065
525,0.02152083325574869
526,0.032346325409863076
527,0.018571022807541575
528,0.033048083267740266
529,0.02601018312278073
530,0.016123509135404963
531,0.022869751928001798
532,0.03057277484496651
533,0.03308212866881506
534,0.026032463575609545
535,0.03110666840913396
536,0.0228800384311767
537,0.03398117423705792
538,0.029801009784489872
539,0.02098168748664998
540,0.03252451079731884
541,0.017931431986296976
542,0.0271450423587959
543,0.02468047600194937
544,0.04016249071075696
545,0.02062643332203824
546,0.02950695188744145
547,0.0317428363363179
548,0.021447612490462887
549,0.023728193144359602
550,0.020234919682362427
551,0.027544095429955236
552,0.03114797638565132
553,0.028588517427579736
554,0.03252308517536076
555,0.02703057175909219
556,0.023167517434995052
557,0.01539066146720979
558,0.030054116799354706
559,0.029356773068349263
560,0.019927463477042252
561,0.031038382221581347
562,0.020891400132411538
563,0.032472381631979394
564,0.022228435986234363
565,0.024642367697529623
566,0.02609175738463728
567,0.024157362276526935
568,0.028304238161242622
569,0.032050049886990485
570,0.02165549294062135
571,0.028844481240249957
572,0.026181921509021933
573,0.019752162822008392
574,0.02067082417826561
575,0.030424087607822926
576,0.028606005572393334
577,0.027136768088714226
578,0.027608813193200122
579,0.03693126222798767
580,0.023450074485712968
581,0.023000745337007602
582,0.030667704653591366
583,0.03013390113152641
584,0.024458728651485004
585,0.02727492766210558
586,0.028746702217789105
587,0.02718527793724814
588,0.02695010573790695
589,0.05572110413541714
590,0.03086963358868288
591,0.045418153536980733
592,0.042029700934349275
593,0.022996973579801544
594,0.03125376750347193
595,0.03257470290609642
596,0.017904041451108355
597,0.025529289509358517
598,0.024721259946833954
599,0.026032214556253742
600,0.02207419278947127
601,0.024378630103743217
602,0.02488591997781737
603,0.028918029330985945
604,0.033498756315567396
605,0.021863016496559095
606,0.03569610145241997
607,0.020921809140833306
608,0.017013633539566936
609,0.02453523724767644
610,0.014605443905922133
611,0.03608356136474649
612,0.033292586597529
613,0.034052599764092015
614,0.027408728826315797
615,0.022898523650780225
616,0.023412375929131445
617,0.02209977072759483
618,0.03685698642446729
619,0.025146117748928876
620,0.03463146770852389
621,0.035363879443074175
622,0.02034922247229336
623,0.03853332574460203
624,0.02922785002311774
625,0.024646387618502637
626,0.036529822294266746
627,0.033816571814809945
628,0.025957116058675084
629,0.03244519728786585
630,0.023030506510694465
631,0.019597736075706168
632,0.023354897103446244
633,0.02308125054643698
634,0.02788689036678898
635,0.025720916439785198
636,0.02572879910460571
637,0.030751588515110694
638,0.022806795958840793
639,0.026055530928205083
640,0.022052275925146393
641,0.026065736546190515
642,0.020167098919902766
643,0.0237870974846
644,0.02663280378957244
645,0.05158798642747235
646,0.03270623390078006
647,0.02975921054196602
648,0.05526475711032619
649,0.029884998420585222
650,0.03548661040009647
651,0.023950527940510023
652,0.03966800650365955
653,0.038715029452381165
654,0.025790620034283923
655,0.02627732767608596
656,0.019995219732787606
657,0.019268445196199226
658,0.020933508608265476
659,0.027859256749702598
660,0.024623114747154378
661,0.046545886695896606
662,0.02507970226704373
663,0.039363015809013975
664,0.02909375614554981
665,0.020211599373107347
666,0.034202460477317606
667,0.02607839755360718
668,0.04194270018521222
669,0.02141316735958273
670,0.02492586896284039
671,0.02020425859985167
672,0.025877340474418815
673,0.019833194293109334
674,0.023291747022914533
675,0.021921404572955012
676,0.023054591778146928
677,0.027297124518573822
678,0.03328936927898567
679,0.021120114328422902
680,0.037873671065141
681,0.021262869708315105
682,0.02278301034283419
683,0.016122718720953545
684,0.03127144243680191
685,0.03728399578786584
686,0.025910510826921584
687,0.02549102397844604
688,0.022820060037751933
689,0.020814049558863876
690,0.022238930884888146
691,0.033485241357060956
692,0.030628710698582785
693,0.029567482130142413
694,0.02632692420109317
695,0.026172176124762036
696,0.022293954873944068
697,0.03159749415371853
698,0.017170296129850098
699,0.02662160212251009
700,0.0261522126436044
701,0.01927196547270383
702,0.01861152583081675
703,0.0158910110279623
704,0.021887709480809828
705,0.02335228085803463
706,0.022258971879206425
707,0.020582013415192484
708,0.02070236187997392
709,0.01844419293324829
710,0.0353773390312722
711,0.01995278061505592
712,0.025477535427511168
713,0.02264768636268396
714,0.028898010049723317
715,0.029255911634670666
716,0.02510980257305091
717,0.026438524585736208
718,0.029662931561590195
719,0.018881265658951388
720,0.020761887208058792
721,0.030106442662349187
722,0.022852004397772525
723,0.023037733594280768
724,0.027506511793579907
725,0.024123741751286554
726,0.028471044587482324
727,0.030186850106913743
728,0.02651191828481997
729,0.017981173968433607
730,0.021363196686771696
731,0.024498697484358865
732,0.02263951053534987
733,0.028835842452097277
734,0.025787067781990535
735,0.04407217787663893
736,0.02570384090328811
737,0.01690108509285636
738,0.033204577600363674
739,0.04507818301481862
740,0.027457865743213083
741,0.03707151140735724
742,0.02907523871054064
743,0.030433363165764143
744,0.022637107981929964
745,0.034170625728321705
746,0.02230108042684095
747,0.03651972092748217
748,0.026045880977879965
749,0.027493087817567013
750,0.03645262341303525
751,0.02052148893529788
752,0.02179700843457303
753,0.03591902453147854
754,0.028633306406271042
755,0.024343859447233367
756,0.023221829705235855
757,0.027453279345600896
758,0.026859295978656182
759,0.024409040311741296
760,0.024970231164527276
761,0.02795215619880239
762,0.02414190559837643
763,0.02699055763228404
764,0.03277050772433191
765,0.02300095701684403
766,0.026208445838112437
767,0.030145959876405743
768,0.024188780394444824
769,0.022810122769767925
770,0.032846588017982445
771,0.034300918767591684
772,0.02263216396687548
773,0.019727110181978473
774,0.01937866177292964
775,0.034972639386447464
776,0.022248534436842722
777,0.0253967514312868
778,0.029602729295426157
779,0.025402978328551467
780,0.027731134352636723
781,0.031129472371730128
782,0.02680637265199152
783,0.028182640625911304
784,0.02386756805450537
785,0.020943068891632752
786,0.03898956105779472
787,0.03490472250796932
788,0.03130925907025144
789,0.022031058146379158
790,0.020671975725487412
791,0.022477365592728116
792,0.021354919223089026
793,0.02772296509708158
794,0.019612886241826392
795,0.025609028366079208
796,0.027973261111735852
797,0.03187667134402591
798,0.03773813518265445
799,0.023088765932558798
800,0.0336789921507452
801,0.027464307108093184
802,0.01940944541928979
803,0.018975716804214657
804,0.03564883609092065
805,0.02439499283510869
806,0.03448750620609671
807,0.020869192105165864
808,0.02433681546129867
809,0.026183530386557713
810,0.04246702994180819
811,0.024526576510579767
812,0.03515760967586529
813,0.029372271988287228
814,0.02465350632006017
815,0.02618333141841877
816,0.016674718565002297
817,0.02899627862699732
818,0.024762570555173287
819,0.03285499637836512
820,0.028346342473428283
821,0.031997623321377865
822,0.022401204656317255
823,0.031133489754260762
824,0.04491517696537723
825,0.02114909783818173
826,0.020556448080059603
827,0.027914486525125237
828,0.029540829292960896
829,0.02497949854484598
830,0.020510560270534023
831,0.02575647599150029
832,0.02487721583733618
833,0.025436608975670516
834,0.029132659166505887
835,0.020081102753035786
836,0.033082116488014394
837,0.02847981876605333
838,0.022990902026189718
839,0.02574613233060167
840,0.023108923376609268
841,0.02376565279430205
842,0.023943939093868695
843,0.04197024607242679
844,0.02094805268291015
845,0.025644859331713833
846,0.027218123400709053
847,0.023813623777579562
848,0.03182600529773359
849,0.030427085607691817
850,0.03225665984191178
851,0.02583665449254067
852,0.01969546389959747
853,0.024705005959217863
854,0.027546263378428186
855,0.028398118569303805
856,0.034829626077295346
857,0.021608597699116938
858,0.025959672686400908
859,0.019117343398604016
860,0.01578886385320008
861,0.02004675516287442
862,0.036097624508044504
863,0.028972055225947736
864,0.025937958779322784
865,0.026171290518513312
866,0.02252002070568998
867,0.028204008453316172
868,0.029358509140637052
869,0.025145980781597632
870,0.034660796876646686
871,0.030128717409089394
872,0.022206762535915886
873,0.019945699031787986
874,0.029257990908410525
875,0.02511233350504722
876,0.013363067009241603
877,0.023538990031599386
878,0.026235946841172447
879,0.024942491086386576
880,0.024739731165732394
881,0.03512078480626619
882,0.02490974618348038
883,0.0321409064730734
884,0.022499579271880336
885,0.027895361243847276
886,0.02571885408366863
887,0.02805468008812768
888,0.03232118851091874
889,0.038625508529816374
890,0.027646426060405026
891,0.030654781771606777
892,0.02764928619291146
893,0.02236100086832939
894,0.0253239957832335
895,0.026229307370054196
896,0.026069340747531734
897,0.022992497318928617
898,0.024745259840149348
899,0.031545722341069525
900,0.028144879070466932
901,0.02347619949574595
902,0.03746898453067067
903,0.018733932228821033
904,0.032754522610819126
905,0.024172568087532487
906,0.026792128913922908
907,0.02787813789547816
908,0.03941316322861959
909,0.03641596489411056
910,0.024536775152766616
911,0.027652761408877145
912,0.018179568777128154
913,0.027743065478929584
914,0.03407935308551716
915,0.0344756800929546
916,0.039279408871579206
917,0.03088209234938192
918,0.028935615394695642
919,0.027712119727122887
920,0.029751770994876286
921,0.025673934663763685
922,0.026032007019530345
923,0.02492904808993559
924,0.03734168673204643
925,0.024756787660573893
926,0.028464488819716676
927,0.032815539763096827
928,0.021459200225458407
929,0.027488695968037612
930,0.025260416951283136
931,0.027206833539530007
932,0.02970106650281488
933,0.027596914848126913
934,0.026817445427377174
935,0.027258407405792513
936,0.02422935832857507
937,0.02212328337969683
938,0.026455136205645664
939,0.02358229887209657
940,0.036443825122552606
941,0.02307473847463077
942,0.02100549621052212
943,0.022063911391233204
944,0.027554682091557703
945,0.0250597391379161
946,0.029395680293129545
947,0.026382186815227394
948,0.03436997036311475
949,0.02125619837390914
950,0.028285524073279646
951,0.024496273642187254
952,0.018364169465464347
953,0.02824885867003208
954,0.030370016851107528
955,0.02594261378280649
956,0.025264448992048282
957,0.022266217958725482
958,0.03204570519863196
959,0.024335108420386855
960,0.025422284333900747
961,0.022217285771382253
962,0.033761751043180126
963,0.02572682821072838
964,0.023567161008752707
965,0.024219109823051383
966,0.03044767261674796
967,0.021288667162224127
968,0.0258645155135429
969,0.026043478026751755
970,0.029226895807460275
971,0.029347649072946763
972,0.024208378670882314
973,0.032323772799436844
974,0.03041323254697627
975,0.024947700730019912
976,0.024492023642882308
977,0.016566632767898597
978,0.025180534584269054
979,0.0324972198784794
980,0.021306192397714186
981,0.025214069857616504
982,0.024322171222356775
983,0.021517011463636077
984,0.02085179889833368
985,0.030053703876866178
986,0.029262951830847473
987,0.02741240890930153
988,0.017746642940280045
989,0.032690905148483565
990,0.025420885984989615
991,0.02343827570994523
992,0.034470245233776974
993,0.03027252643117565
994,0.02687865552494989
995,0.022398765426378857
996,0.02412472755362893
997,0.023952031955994664
998,0.0277412451659777
999,0.02427713421817167
1000,0.028155869060677918
1001,0.024589413720185294
1002,0.02333459333772716
1003,0.02157651513941667
1004,0.025970888371167417
1005,0.02434439806643583
1006,0.028881422615129927
1007,0.029560249710134816
1008,0.024552136805812346
1009,0.02250397829623963
1010,0.02996609302574188
1011,0.026168437144864286
1012,0.0186308736117411
1013,0.03352345044765166
1014,0.023660025674847686
1015,0.028457094628126685
1016,0.03817937173638279
1017,0.03255082265928738
1018,0.031025674026583138
1019,0.025954235200314913
1020,0.027518835262636276
1021,0.028001974360704552
1022,0.04124815040099373
1023,0.03105468861946816
1024,0.024721146765510058
1025,0.03304495986146226
1026,0.029200569295695134
1027,0.025929510161687614
1028,0.04344667157776602
1029,0.04313182913274165
1030,0.03463201835778277
1031,0.03637039612358263
1032,0.025146451250846986
1033,0.024394285092164843
1034,0.022880719621344515
1035,0.02974984282176656
1036,0.028092724210480507
1037,0.022154847034620277
1038,0.02287517981392339
1039,0.026849425274620385
1040,0.024339018650453556
1041,0.034474356410910935
1042,0.036619972589843806
1043,0.03282947680291172
1044,0.026122361626670178
1045,0.030359117705296996
1046,0.025231027747750545
1047,0.035903593847458184
1048,0.02566904173358745
1049,0.02078122571079735
1050,0.03094149348620682
1051,0.02056345150023326
1052,0.02764883621273319
1053,0.03105446396567658
1054,0.015167472792378872
1055,0.02623565340027318
1056,0.02954177647322151
1057,0.03402828692453321
1058,0.028865937270591124
1059,0.025996030688828886
1060,0.025821384460403878
1061,0.030988739121523196
1062,0.024048413747269133
1063,0.027386726563746123
1064,0.02660786977862941
1065,0.02221126652417157
1066,0.03196615931923743
1067,0.023216704230270387
1068,0.028209584123445302
1069,0.026933042315080497
1070,0.036662065223016
1071,0.02956006388777945
1072,0.02673777886455279
1073,0.040272365536750176
1074,0.02057970650737962
1075,0.02446273454442029
1076,0.024541840004889313
1077,0.025241519590125338
1078,0.021263160129544278
1079,0.029014864295648545
1080,0.024242937307042946
1081,0.029515631066091542
1082,0.027951224785180268
1083,0.024686183828412055
1084,0.02965287460153342
1085,0.02951014264353566
1086,0.037605085177807154
1087,0.027895109814801734
1088,0.019763306127901697
1089,0.041550897009457584
1090,0.026835320112556172
1091,0.024163978421518482
1092,0.026114110047059484
1093,0.03574860809684667
1094,0.03322603089430476
1095,0.032833243233061374
1096,0.02264037060404795
1097,0.03321150199526972
1098,0.028823596545613193
1099,0.02921413032385541
1100,0.026663649137920416
1101,0.03190027168870423
1102,0.022645637113530726
1103,0.030052753868520604
1104,0.024128231704292683
1105,0.02586353158678777
1106,0.02311776714258833
1107,0.024851056769377145
1108,0.024477095995887963
1109,0.026004878678265807
1110,0.026658560267907465
1111,0.03858697203120766
1112,0.028754474572254506
1113,0.03308286592986888
1114,0.027291735727541
1115,0.02794128432686993
1116,0.030983105866318035
1117,0.037300913367996805
1118,0.01590369360836718
1119,0.026405392037391662
1120,0.027238405299603953
1121,0.023481006905564396
1122,0.028628464184914097
1123,0.033364141549090946
1124,0.021507261115336445
1125,0.023376097269404233
1126,0.030402361163404622
1127,0.024443674541484432
1128,0.033589106419989745
1129,0.026127635832853095
1130,0.03228583737274383
1131,0.03881300059497067
1132,0.031063772543380476
1133,0.03210909068726507
1134,0.03330321160446838
1135,0.024000915031839234
1136,0.03186819269494816
1137,0.03697303651297971
1138,0.04243081475187663
1139,0.026732731226968252
1140,0.02599360425765367
1141,0.024651377774992437
1142,0.027654589666426553
1143,0.02197398898994004
1144,0.03619991106711549
1145,0.0390477049660671
1146,0.028437173181789472
1147,0.03531744775039092
1148,0.026487521820057758
1149,0.02528102677132073
1150,0.02743463191113744
1151,0.037124280461682695
1152,0.019043076114430728
1153,0.023084187557301288
1154,0.029561199475766752
1155,0.021884891900432846
1156,0.041474855320494
1157,0.02564181896904924
1158,0.022497517879437712
1159,0.02534536204954394
1160,0.023592192524705395
1161,0.03061444394781989
1162,0.027798238393861613
1163,0.028126633252783417
1164,0.024661139428883806
1165,0.024582894129834346
1166,0.02577561116437921
1167,0.02960578532561407
1168,0.025893075298793162
1169,0.026606521525093067
1170,0.036054494101088304
1171,0.028207192210996636
1172,0.02642252010767293
1173,0.02555806213190054
1174,0.027481400690548757
1175,0.025085668880010136
1176,0.027040953323683566
1177,0.03296910577673336
1178,0.030487243518784974
1179,0.025155421309664593
1180,0.02458563267889104
1181,0.029004393605778715
1182,0.02364364714923727
1183,0.022162933573926694
1184,0.030356927018342313
1185,0.03702035216148906
1186,0.02921107836900248
1187,0.029206300379632004
1188,0.04321062065441864
1189,0.033318017744449445
1190,0.03230094130352442
1191,0.027352091543151512
1192,0.028525520380591318
1193,0.031526578187033236
1194,0.029244624434819167
1195,0.02615471927748637
1196,0.030735385792219606
1197,0.025916354829773624
1198,0.02242474466460538
1199,0.03143452563166023
1200,0.022141392310771058
1201,0.03185874599860998
1202,0.030738687143927947
1203,0.02167240900476641
1204,0.029207573493513488
1205,0.026066948577309252
1206,0.027575614656089497
1207,0.02505949931389717
1208,0.03420585095253524
1209,0.03165284167300298
1210,0.031217810785726514
1211,0.02655972030264201
1212,0.03551769223456869
1213,0.02611985716857309
1214,0.029381547026869452
1215,0.02527421771609963
1216,0.026469161652340402
1217,0.03542218342020098
1218,0.024954280212674217
1219,0.023987809384185814
1220,0.02411063640860971
1221,0.026623417023340028
1222,0.030002265852180875
1223,0.024471144554846648
1224,0.026402300784208344
1225,0.01758429736032021
1226,0.0296902971138999
1227,0.03613683871327602
1228,0.03018031467433747
1229,0.03333043438589189
1230,0.02525590088012065
1231,0.03012938724271086
1232,0.03195172384872223
1233,0.026037776334230045
1234,0.038520930565008424
1235,0.030492476320702677
1236,0.023247149292457147
1237,0.03502007497619193
1238,0.02389394520366723
1239,0.02906155046525386
1240,0.025801270036323633
1241,0.02366538439682965
1242,0.03460907696467006
1243,0.021175220346518885
1244,0.028811710267032813
1245,0.033504727299647354
1246,0.027086490614134713
1247,0.029368476337050836
1248,0.028256508092985806
1249,0.03665686592764228
1250,0.025279010209712988
1251,0.02258565468459075
1252,0.026634850871803294
1253,0.03095662652458997
1254,0.03318268886419651
1255,0.03585337418225639
1256,0.043743169984486935
1257,0.023344955438124055
1258,0.03115459743924882
1259,0.03822589410531739
1260,0.02955054390381746
1261,0.023478635706323144
1262,0.027610820346783315
1263,0.03102796713186598
1264,0.029006330530404568
1265,0.03349346979673438
1266,0.025962383324223126
1267,0.027454431964855013
1268,0.02126187500949513
1269,0.026180663830075102
1270,0.031350979754036785
1271,0.01982895830749456
1272,0.019895885083186092
1273,0.024080559010601552
1274,0.029321500173302956
1275,0.026538341829542383
1276,0.02525872761012952
1277,0.0348488122054042
1278,0.033485755023720254
1279,0.028187893492996597
1280,0.036155879102125345
1281,0.029687450238698156
1282,0.023435717999247922
1283,0.02482036504701991
1284,0.02661254715457176
1285,0.03575899089814255
1286,0.031777720105689244
1287,0.02516010387915666
1288,0.03827159981824343
1289,0.03645691653129065
1290,0.0397357740156369
1291,0.02195399935890936
1292,0.026349330227913192
1293,0.027921142862046677
1294,0.029335864952533375
1295,0.0406886890326279
1296,0.022869333516888392
1297,0.03354350182018333
1298,0.021955768216213332
1299,0.026114373355373022
1300,0.04057513011080256
1301,0.03422546402967066
1302,0.026745045237936672
1303,0.023155677460329826
1304,0.03190617728468381
1305,0.022655816766528485
1306,0.028835383593004194
1307,0.03803756457895766
1308,0.020336427890366257
1309,0.02267246025525286
1310,0.041100863309771696
1311,0.03162832551838522
1312,0.023111735246474214
1313,0.030239184994758028
1314,0.01937734288929057
1315,0.03029093676527277
1316,0.027056054024588
1317,0.02755920038784836
1318,0.025832951202487346
1319,0.021908608268138084
1320,0.02935759247272509
1321,0.023640614358236233
1322,0.028740466833500622
1323,0.03615899796320353
1324,0.04096572434906575
1325,0.025992077115161383
1326,0.02188008674382692
1327,0.02789442466558331
1328,0.024729786861590313
1329,0.03604039624575558
1330,0.04338976517389224
1331,0.034050153656819696
1332,0.047069382232817744
1333,0.023554602615891047
1334,0.03019243820433598
1335,0.023113177283595184
1336,0.033394395491910325
1337,0.027482194003052962
1338,0.03307066861311061
1339,0.0234407092950967
1340,0.026113695566390937
1341,0.021429703265859443
1342,0.022282862849950163
1343,0.03569864255281525
1344,0.02409605320569196
1345,0.027108011798588787
1346,0.03493889211093174
1347,0.02755445096544575
1348,0.031517661381488156
1349,0.03232035068736124
1350,0.020805542960308142
1351,0.03325963668476803
1352,0.03834724704705775
1353,0.056226310842204495
1354,0.03102887870242383
1355,0.030022356993402166
1356,0.03407333435461132
1357,0.03156616876159457
1358,0.03215707426715579
1359,0.040559621664557594
1360,0.0370156996847754
1361,0.038704451646810814
1362,0.020377142669705074
1363,0.02790322155404082
1364,0.032784801511795324
1365,0.030195008784023557
1366,0.03373957565990101
1367,0.03093995926199125
1368,0.03256319653460936
1369,0.025735735797160226
1370,0.03264941190269215
1371,0.025480415470771862
1372,0.029430108117383814
1373,0.031175658244584337
1374,0.026126467451268127
1375,0.027009561611344157
1376,0.02860069226986923
1377,0.02919727903790556
1378,0.034479547883108655
1379,0.03349459352252741
1380,0.028411417893396247
1381,0.027690642397753207
1382,0.034832948318114156
1383,0.033425520474500724
1384,0.03195616850592933
1385,0.02323828486248432
1386,0.04071573537209234
1387,0.0251136308270285
1388,0.028720129322896283
1389,0.03250882242239776
1390,0.03559745439726823
1391,0.030887067846923986
1392,0.0301277485942014
1393,0.029528895983868243
1394,0.0384668543725909
1395,0.025386974913998696
1396,0.03110046196952244
1397,0.028124361822452017
1398,0.039317122993943215
1399,0.027780752468924107
1400,0.03477186218948589
1401,0.0251793718613403
1402,0.03706652013319046
1403,0.02602330854099406
1404,0.029422920855217534
1405,0.03256797766838447
1406,0.027941474586314463
1407,0.035123878870190285
1408,0.02446414887200731
1409,0.027795169546705967
1410,0.03728641024469077
1411,0.026631441594401194
1412,0.0259936258328973
1413,0.029835437807616872
1414,0.028597107383985805
1415,0.03214863114808957
1416,0.03225386756890505
1417,0.036005390757092894
1418,0.02578561736752385
1419,0.03351349287668372
1420,0.025569894014884763
1421,0.03344786624980886
1422,0.036745184336491946
1423,0.03430436237875094
1424,0.024987040571253477
1425,0.03184342980010422
1426,0.03368756122456973
1427,0.025951891803628512
1428,0.03202399386185824
1429,0.036252228804863576
1430,0.031174708892620584
1431,0.0356550750310234
1432,0.031248807753460638
1433,0.027258008497894497
1434,0.030953128648039514
1435,0.028654146187968976
1436,0.028131690222449084
1437,0.024315299581681462
1438,0.029408877855113036
1439,0.05555391354099222
1440,0.0251467027752617
1441,0.02218122143245086
1442,0.03365312020605814
1443,0.0301901079016643
1444,0.02993331138009575
1445,0.04393521998536078
1446,0.02441917068070947
1447,0.02059003435256383
1448,0.027748173249526314
1449,0.03272557820405392
1450,0.02350401818212392
1451,0.02743533276692501
1452,0.027045318271050313
1453,0.0396657969669348
1454,0.03345081566100297
1455,0.03014856925946351
1456,0.032032024889716446
1457,0.03806263643868867
1458,0.03536420127258551
1459,0.030568012348871153
1460,0.024356470938363954
1461,0.026577545518760282
1462,0.029404946309262065
1463,0.028504638312077467
1464,0.02949133639027718
1465,0.022463680707804835
1466,0.026837283279455913
1467,0.04913216414429953
1468,0.03539392991852334
1469,0.0333051104962189
1470,0.02153504097720406
1471,0.026101808188532073
1472,0.03669311064713694
1473,0.029425140906816777
1474,0.034058096796777
1475,0.05193300716576117
1476,0.025552406839287535
1477,0.024518886195820815
1478,0.029036727180021066
1479,0.03713225332353813
1480,0.024339236847868644
1481,0.02982641751763515
1482,0.028583767932513514
1483,0.025745187863120744
1484,0.03200106217589728
1485,0.020035519790423922
1486,0.03803716266601022
1487,0.021670033753524887
1488,0.028844240974228764
1489,0.03043352092404743
1490,0.031954090962577876
1491,0.03360804253869507
1492,0.03972355723253302
1493,0.026836763071583503
1494,0.027609422658420153
1495,0.026615752856310255
1496,0.029533498393780805
1497,0.04432685834417459
1498,0.03228974467862571
1499,0.03904969655132147
1500,0.04229991618175769
1501,0.0321770943322096
1502,0.027470579932177237
1503,0.03560713471133783
1504,0.027251789140342802
1505,0.04498539542408031
1506,0.02784919050617851
1507,0.03991561242834588
1508,0.02505632119560879
1509,0.0329151807582926
1510,0.04051174860570754
1511,0.028241780417615304
1512,0.031192091039670015
1513,0.03642415254558466
1514,0.027951997731385448
1515,0.03142739054270681
1516,0.03812056631301204
1517,0.027176286285450595
1518,0.03410606328799305
1519,0.027572784025286845
1520,0.03574655289381807
1521,0.041023924887700756
1522,0.028162476685028213
1523,0.03045362570900274
1524,0.022662626606308182
1525,0.035645384867435126
1526,0.028335282448765393
1527,0.023369553289366855
1528,0.025851220515031893
1529,0.03008206480384627
1530,0.027985448860691587
1531,0.03350635687432557
1532,0.019584183161560638
1533,0.028742579728289745
1534,0.0328442713780806
1535,0.0362694945876181
1536,0.03721834693767114
1537,0.02959187729015167
1538,0.03236489401637964
1539,0.031122588106235895
1540,0.027964198823507667
1541,0.02545178961738479
1542,0.03462663928745159
1543,0.02989966306292776
1544,0.03841436516564576
1545,0.03789992753482403
1546,0.029278985066845155
1547,0.03288150551505607
1548,0.034800670389903865
1549,0.02413167845728651
1550,0.02716416691188467
1551,0.0226307960105731
1552,0.031198203032312476
1553,0.025861227587903563
1554,0.0276828803649328
1555,0.025933472203657305
1556,0.029438759236333056
1557,0.029673440760677645
1558,0.031186044507485
1559,0.03981656521237427
1560,0.02606228104788518
1561,0.02788126267515279
1562,0.024308879209123873
1563,0.030940365125015513
1564,0.02845707877555198
1565,0.027025715819153768
1566,0.03433571148138622
1567,0.03615016123797317
1568,0.032122648309716395
1569,0.03602996956058744
1570,0.03102633893642076
1571,0.029992636949290035
1572,0.029352234481545253
1573,0.03054877477391636
1574,0.03533963739442006
1575,0.028019004267751824
1576,0.03912424448960407
1577,0.02406772470073355
1578,0.03453661591869707
1579,0.027170809757848125
1580,0.021972467835809993
1581,0.028235070790680605
1582,0.026122000679351675
1583,0.05483949519585265
1584,0.03760360877540536
1585,0.03172691449956141
1586,0.03108402215403669
1587,0.04230274321012767
1588,0.039848640963581726
1589,0.029697358525313917
1590,0.021447391600574905
1591,0.025678575831324046
1592,0.02709218609976794
1593,0.0282900626267368
1594,0.03173165391388326
1595,0.028108205499310146
1596,0.03825469478140205
1597,0.03399495932397878
1598,0.02600968801347176
1599,0.023517170054294694
1600,0.029347299948590384
1601,0.026234929291030183
1602,0.02703838170053834
1603,0.028388725524831772
1604,0.029776451234789815
1605,0.029293074906816312
1606,0.050495132653327834
1607,0.02836245202703691
1608,0.02493694068644675
1609,0.03546037008997623
1610,0.029301000353374945
1611,0.026373687586207083
1612,0.0333209607479508
1613,0.025561747510967393
1614,0.02607371010537629
1615,0.028899505896068444
1616,0.03688196532612694
1617,0.030872105504477533
1618,0.03292676197856989
1619,0.03771386756924956
1620,0.028276424704013668
1621,0.02560535954498988
1622,0.0392455013423195
1623,0.025170883853271108
1624,0.030537818245425518
1625,0.03123784745524676
1626,0.03819555730340947
1627,0.03419814399109462
1628,0.03315730815066464
1629,0.02915604373858193
1630,0.030688894416295815
1631,0.02812305451677512
1632,0.03802182943082704
1633,0.030710918023764973
1634,0.025600566822564647
1635,0.04208096077407901
1636,0.0322100019964736
1637,0.029637854876034313
1638,0.03182252000764853
1639,0.0372042848638309
1640,0.026146800324323892
1641,0.028502701941264273
1642,0.035530695253700985
1643,0.04082278866661597
1644,0.029378381126655334
1645,0.026985838525785493
1646,0.025306003025434
1647,0.036962573086345894
1648,0.030573153001527444
1649,0.029232735113942292
1650,0.029835041698895663
1651,0.03002461819268275
1652,0.028843819134837894
1653,0.03229971499665953
1654,0.03222523636142968
1655,0.04216233235488581
1656,0.02735769090136526
1657,0.029093762026694003
1658,0.0274361851235837
1659,0.03791120480179864
1660,0.02897871302360533
1661,0.031844449520341676
1662,0.027689563422863807
1663,0.026363937569467588
1664,0.033422285168240175
1665,0.02403161504333238
1666,0.026123439120878222
1667,0.030348087544504704
1668,0.024416321783987248
1669,0.03453475292648404
1670,0.032592304664762206
1671,0.035559981897412746
1672,0.028763250537723523
1673,0.021621503580307493
1674,0.02926580570777994
1675,0.025571373678918742
1676,0.026311442524224328
1677,0.02604524043484698
1678,0.04046524456670205
1679,0.027323194452874205
1680,0.029731684713036832
1681,0.037155787243875416
1682,0.029436548067679695
1683,0.03210479242451651
1684,0.03570146292301709
1685,0.03471701104388572
1686,0.038044548818709736
1687,0.04513602504587167
1688,0.0325701946025627
1689,0.035388340236874614
1690,0.02538809446968467
1691,0.039732389396482236
1692,0.027687329459991215
1693,0.03460224458211865
1694,0.03079310168371118
1695,0.0351075451825911
1696,0.03147037990356254
1697,0.034393946347700065
1698,0.034185875894276754
1699,0.03082140787646768
1700,0.04213554701149106
1701,0.026649764145875637
1702,0.03199891908160897
1703,0.031962817152313285
1704,0.025458566289267636
1705,0.04478286571354391
1706,0.0342471508824721
1707,0.03213354597480667
1708,0.030302455730508042
1709,0.028747553982993168
1710,0.03511866384400877
1711,0.02752952885883746
1712,0.035908439641164934
1713,0.024852605594591595
1714,0.032054393552701455
1715,0.02994205977280883
1716,0.032927527134800995
1717,0.03812766687616405
1718,0.028251969557527335
1719,0.02758231925238777
1720,0.024441724219050814
1721,0.03001317945846904
1722,0.026198221694215325
1723,0.038713632934913055
1724,0.02808479518109881
1725,0.029958838913122093
1726,0.030950163882627946
1727,0.037675866311089545
1728,0.04237302048871382
1729,0.02528608150259489
1730,0.03032985253353082
1731,0.03791419510403295
1732,0.024428740273625175
1733,0.028021581750878904
1734,0.03249188505752057
1735,0.024127538535345543
1736,0.03542515692153274
1737,0.025635176975758577
1738,0.028671250783015523
1739,0.03376738772536731
1740,0.029649976229499043
1741,0.03533944676714046
1742,0.03833052852855752
1743,0.025640063420480613
1744,0.03613757192972787
1745,0.03227993755884985
1746,0.0306091597551569
1747,0.033391844409753214
1748,0.037888429852913526
1749,0.03563427763377617
1750,0.026083383920230872
1751,0.03183249188857526
1752,0.02843150582972555
1753,0.03390526763271217
1754,0.036780563848938144
1755,0.03004077747710701
1756,0.02640751053542665
1757,0.026661783909524683
1758,0.036018115311451104
1759,0.0273239288296039
1760,0.03294191101810152
1761,0.029342920665006073
1762,0.038862294380881054
1763,0.043215711172462874
1764,0.03861314257351488
1765,0.03647944817804416
1766,0.03626269183357755
1767,0.02866986245052145
1768,0.027049323406378317
1769,0.0428770074510913
1770,0.034080070946539004
1771,0.03443617265357647
1772,0.033210998625796795
1773,0.03056480487763339
1774,0.022756511634180708
1775,0.034607206838480925
1776,0.02970791380345832
1777,0.03370639061128863
1778,0.03654725784898586
1779,0.022049262773108654
1780,0.03636877710861064
1781,0.026984891763660583
1782,0.030170216940849825
1783,0.029833203997742773
1784,0.02708375007424203
1785,0.03142364268100658
1786,0.02752004912139383
1787,0.02807845733282604
1788,0.04206137185903515
1789,0.03037363873679285
1790,0.037044706175888883
1791,0.03200708531005576
1792,0.031627978434060657
1793,0.03992364041425654
1794,0.03777871693943054
1795,0.03141873917210875
1796,0.02665087212961973
1797,0.038716676824484056
1798,0.04705826779084102
1799,0.029932438015615563
1800,0.033320124326967016
1801,0.02665466992250067
1802,0.033595499542282733
1803,0.038737999152990074
1804,0.02995294670562674
1805,0.03959899884347936
1806,0.02411729365773633
1807,0.037488266318312743
1808,0.02949847837215617
1809,0.0326411097486699
1810,0.03245573293409569
1811,0.030728313534669444
1812,0.03755531108352264
1813,0.029282180334020746
1814,0.03633963355891416
1815,0.03185024737373086
1816,0.03305179703197148
1817,0.03159076505616925
1818,0.040469899787397304
1819,0.03307304147165908
1820,0.03260690988007643
1821,0.026845625106100002
1822,0.026439280638454764
1823,0.030245070445421057
1824,0.02892930762367683
1825,0.029007494548297118
1826,0.03009824808539131
1827,0.031564886708499475
1828,0.047862014085535406
1829,0.028044217357129912
1830,0.03601873835000052
1831,0.03068248456543034
1832,0.03013738182199187
1833,0.030866097364035772
1834,0.027664674360039276
1835,0.04147623719489302
1836,0.02986583527577851
1837,0.03286860614025908
1838,0.032313584563752516
1839,0.03956806217876185
1840,0.03118193503834511
1841,0.02948264328212379
1842,0.055840345074131284
1843,0.029419086980422126
1844,0.03283650431978462
1845,0.027924917430503633
1846,0.029701019926571877
1847,0.03975593861608895
1848,0.033936694866769444
1849,0.02218850476241094
1850,0.032518950075475964
1851,0.03894686904715121
1852,0.030607559678199982
1853,0.027928002494807036
1854,0.034084461669426504
1855,0.033433548343116175
1856,0.026325779921703606
1857,0.031068714133244645
1858,0.04392904433012633
1859,0.03379955984781
1860,0.03484753056761983
1861,0.04879192515805214
1862,0.03962177322252717
1863,0.03141675770935959
1864,0.03210948639376758
1865,0.03191390442858658
1866,0.04223383905579174
1867,0.03470588856362564
1868,0.029166750371886558
1869,0.04308221958003782
1870,0.03070481078632073
1871,0.023620172872283483
1872,0.03500216373323019
1873,0.03602663445090803
1874,0.04431714197529367
1875,0.04047319318092161
1876,0.040708787426813296
1877,0.027123650969856174
1878,0.04036880992140217
1879,0.03274149652934046
1880,0.031073973158607777
1881,0.04401873452571418
1882,0.027726451087854476
1883,0.03407152686887112
1884,0.04169944085288565
1885,0.03395761022586348
1886,0.03271590519149155
1887,0.031555067764307075
1888,0.03237415623958269
1889,0.04413973875809899
1890,0.03650188011575307
1891,0.031236227593452032
1892,0.02550932456243445
1893,0.038301834749365424
1894,0.037607177162990134
1895,0.03752558279519899
1896,0.025087336517292058
1897,0.0394784220267349
1898,0.032853094502812395
1899,0.027510926822047414
1900,0.039686627223251336
1901,0.036860132388365885
1902,0.03159792286366185
1903,0.03472966726767401
1904,0.049381176815580685
1905,0.030918603540068267
1906,0.026692813067966614
1907,0.03962071762539806
1908,0.03009321061439483
1909,0.03711096483327523
1910,0.030907453383388173
1911,0.030812807331153512
1912,0.04384633546081348
1913,0.03613147861775935
1914,0.030196224233164436
1915,0.04928461068058759
1916,0.03132672274915848
1917,0.036210154767914504
1918,0.046942892869608566
1919,0.041079884947228494
1920,0.03910800104036178
1921,0.033720688865123444
1922,0.033275526440046735
1923,0.03069384658566271
1924,0.04138935468093989
1925,0.04335348022071146
1926,0.03885634971428993
1927,0.025217462051783233
1928,0.028076173541810405
1929,0.03911882517613142
1930,0.04089641646580953
1931,0.029308522568166784
1932,0.02806616876758694
1933,0.02993363024274407
1934,0.032523615009354155
1935,0.02390904749561339
1936,0.032908801818216975
1937,0.03587111744465452
1938,0.03298421819219882
1939,0.0274123672693783
1940,0.034181552011299084
1941,0.025778322390575627
1942,0.04328640398939233
1943,0.03610297464981594
1944,0.03491848076266663
1945,0.030470165851242785
1946,0.0401149193182055
1947,0.039989996597715925
1948,0.03063472722304169
1949,0.03493857434885156
1950,0.031075010198602843
1951,0.029792977604589065
1952,0.043775760407603906
1953,0.028380664036997245
1954,0.03761697320545108
1955,0.030061291036010424
1956,0.03461752063022792
1957,0.031882622178222256
1958,0.03382734144677006
1959,0.03477914601039024
1960,0.034504399120319974
1961,0.030027560063179904
1962,0.037628131696723764
1963,0.028646821708231563
1964,0.037283626526407376
1965,0.03088098825156052
1966,0.05028762034108556
1967,0.027726162436427493
1968,0.026515080925007973
1969,0.039715544537300154
1970,0.03651354491469039
1971,0.03284412642049101
1972,0.030096266754615818
1973,0.033222070469018546
1974,0.0335388126578738
1975,0.029499340302297818
1976,0.025039667648575285
1977,0.04422162386571031
1978,0.03701347346107785
1979,0.029132588191378577
1980,0.03745154807251766
1981,0.040970627188767574
1982,0.03684141405327447
1983,0.02976434519278731
1984,0.04019649224997139
1985,0.030929975044427897
1986,0.03265204305376277
1987,0.04112458366532101
1988,0.03698300559535964
1989,0.04301755592419391
1990,0.04473839319339883
1991,0.02976356037735507
1992,0.030346369695789445
1993,0.03501746520931538
1994,0.030241636396666084
1995,0.03568478186340458
1996,0.038618478857013624
1997,0.09954911314982881
1998,0.033205721343727
1999,0.030861684725844933
2000,0.032898276775957205
2001,0.02679950793523167
2002,0.038079225166095264
2003,0.03139363313048266
2004,0.036370989721997184
2005,0.03036270400293032
2006,0.036801348803260435
2007,0.029835998766325367
2008,0.03135065721891044
2009,0.033457173061229965
2010,0.03117844982786045
2011,0.03380535030375771
2012,0.031196529511409603
2013,0.03204840096159638
2014,0.035222858454454886
2015,0.04110318989694943
2016,0.04080264030971736
2017,0.0276091302609395
2018,0.031247011331326298
2019,0.02958402613447869
2020,0.032878264471146355
2021,0.03419020629706052
2022,0.032983095247910744
2023,0.029438446834476783
2024,0.03963561624613673
2025,0.033338369536085335
2026,0.042286705305298364
2027,0.034109250234900676
2028,0.028194335926591107
2029,0.02680006347533174
2030,0.04286723170089007
2031,0.03681739103346828
2032,0.035354310731393154
2033,0.03524642969127263
2034,0.03574021921295687
2035,0.02734134951725393
2036,0.03491049113323878
2037,0.03015356689089458
2038,0.031557972534259016
2039,0.028077296349399296
2040,0.03430158870773484
2041,0.04451012451981613
2042,0.0317303354982275
2043,0.026539068042711528
2044,0.03225835431083601
2045,0.02651099082765359
2046,0.035476305610255617
2047,0.03729166832668941
2048,0.03168980622913527
2049,0.043076705752887766
2050,0.031087742362004157
2051,0.043916803799691026
2052,0.030872000015015742
2053,0.03259961990262848
2054,0.04188066939181967
2055,0.04618623738578895
2056,0.02914120590847418
2057,0.03418146063178022
2058,0.03530043656766565
2059,0.02756424201572375
2060,0.03659083596435338
2061,0.031671911597416245
2062,0.03750696534633967
2063,0.03034799212950786
2064,0.043564396933262695
2065,0.0301713756415668
2066,0.030132608344603618
2067,0.025500655070548623
2068,0.03031053736277516
2069,0.036093320423036375
2070,0.02963506314784149
2071,0.03579443425273103
2072,0.028160962776424873
2073,0.027342324185850995
2074,0.033299767173718166
2075,0.03250706781309937
2076,0.03652641624782711
2077,0.02707822343573506
2078,0.03230471333467142
2079,0.03498830242713512
2080,0.035835258728673415
2081,0.025485287823109715
2082,0.03325260433838053
2083,0.03791357089967243
2084,0.03086110960695142
2085,0.03920512594725226
2086,0.033965739527340076
2087,0.03352103672156606
2088,0.030137079245792585
2089,0.025681694542529186
2090,0.033784709492983137
2091,0.032200563049417374
2092,0.04538349749807054
2093,0.035175020966589754
2094,0.04610678208452858
2095,0.028888463630605387
2096,0.028399678913279686
2097,0.03409348687623233
2098,0.03285646089960068
2099,0.026424382176478266
2100,0.038105154752820794
2101,0.034462508919778104
2102,0.031836570172709466
2103,0.03633773679054105
2104,0.03386076143456901
2105,0.030061458960594933
2106,0.03493411880166806
2107,0.03109035590481668
2108,0.03824739017229499
2109,0.03030931444487578
2110,0.03296392008048983
2111,0.0364824241282408
2112,0.04165513220280438
2113,0.02951764463641781
2114,0.032168396657651185
2115,0.033764996709061246
2116,0.033937780971848276
2117,0.03954856042934794
2118,0.028855710022209928
2119,0.025548236481404217
2120,0.038249283814690574
2121,0.032911844387504316
2122,0.03714774166367206
2123,0.034800840423658067
2124,0.0366269052812654
2125,0.030891597714315343
2126,0.03604536496979084
2127,0.03327868652481567
2128,0.03693050040057097
2129,0.0289680040359643
2130,0.03339038227688466
2131,0.03960217369433444
2132,0.03257240142786479
2133,0.038895392998061565
2134,0.027787077636825242
2135,0.03526170693279216
2136,0.02944102603550619
2137,0.03685000899470992
2138,0.028503746970459078
2139,0.03359198238963751
2140,0.033613906692221106
2141,0.04244057377229428
2142,0.027565224441172008
2143,0.0422650736006876
2144,0.044016238221314195
2145,0.0407713451304991
2146,0.026776346685342033
2147,0.036962363803847355
2148,0.031306324016880674
2149,0.03328250343202789
2150,0.033614881535660744
2151,0.029922535520374115
2152,0.0318922774312879
2153,0.03826279306434337
2154,0.04833657576886977
2155,0.035233061597852854
2156,0.029339037545488812
2157,0.03693080146304771
2158,0.03342164732052662
2159,0.029578257952256333
2160,0.032026255582533615
2161,0.03891981567766563
2162,0.03352604153872689
2163,0.023436274249990816
2164,0.09977779939586474
2165,0.035247145559723046
2166,0.03529924181731621
2167,0.0336811728794578
2168,0.04217146675353496
2169,0.04074894874514241
2170,0.04094674117475951
2171,0.031657000329059826
2172,0.031565292981777716
2173,0.03760791859556011
2174,0.033168440793556755
2175,0.03683294819003925
2176,0.029531439870114397
2177,0.03669207197213688
2178,0.029522872340168805
2179,0.03232286354501477
2180,0.028492892570382445
2181,0.03288649311233907
2182,0.032432763757701835
2183,0.03405468229245756
2184,0.03689175597236134
2185,0.034790993985112796
2186,0.033845809388633116
2187,0.0477395074338554
2188,0.03597662343896131
2189,0.03141311801533016
2190,0.03846679885881948
2191,0.04250248169707442
2192,0.04010644358988846
2193,0.0319299368577353
2194,0.02289589269775168
2195,0.0605003100190135
2196,0.04589841682264473
2197,0.04601565770902466
2198,0.03149144130178164
2199,0.02904899026647013
2200,0.04262023929945004
2201,0.0308835791370319
2202,0.03413974154123275
2203,0.035156550671800915
2204,0.052587251853615034
2205,0.03586587984821975
2206,0.032394395127674856
2207,0.034306809481027295
2208,0.032143885197729594
2209,0.03608872159393501
2210,0.034713303598823915
2211,0.03877258917496976
2212,0.02667869370388954
2213,0.04862315259726151
2214,0.027699650027348838
2215,0.03423797265175491
2216,0.03891310469219448
2217,0.03149149063110849
2218,0.040607705009961526
2219,0.03696966668386216
2220,0.0401528003051871
2221,0.04121241793664143
2222,0.03601608206264392
2223,0.0355284210472683
2224,0.026500783067395988
2225,0.03267908386034639
2226,0.0420327812999942
2227,0.03685864056438294
2228,0.03657356647444045
2229,0.042897562272053796
2230,0.05949131847968758
2231,0.03388046576786826
2232,0.03779102480618758
2233,0.03326236728667559
2234,0.03980487081362441
2235,0.030929920538511856
2236,0.03132178500773293
2237,0.030016650144958447
2238,0.041786903745418894
2239,0.031181234612563502
2240,0.037394467309222704
2241,0.03727834402029484
2242,0.04295686529117633
2243,0.02804604195532453
2244,0.03697555946794899
2245,0.04433116627981548
2246,0.03091918827594129
2247,0.04472568940025458
2248,0.045660845679936835
2249,0.029791128451266545
2250,0.04143161337114038
2251,0.035338540914349764
2252,0.03452671826457447
2253,0.03589936175719991
2254,0.03549541674794473
2255,0.03233457899351111
2256,0.03941297260977989
2257,0.037103815117153
2258,0.041072331323706766
2259,0.037493667156720485
2260,0.036845595428399644
2261,0.04281129937347895
2262,0.0475778126386284
2263,0.03944100269352422
2264,0.04788609895220382
2265,0.047674548694826596
2266,0.031075096350390963
2267,0.04634539954869847
2268,0.034481258058172204
2269,0.039213987933243356
2270,0.03764770306857333
2271,0.03604570279129811
2272,0.040672788112726135
2273,0.03634921285592706
2274,0.037516228717680455
2275,0.03209287029977117
2276,0.031569326515585056
2277,0.03591767144712286
2278,0.030994060591373628
2279,0.04665138024011356
2280,0.04443648989953229
2281,0.047277882311023
2282,0.044513268185031575
2283,0.04191501933544
2284,0.03256957126644835
2285,0.04129328118383254
2286,0.033137580662524174
2287,0.035897541745862634
2288,0.03862115159290529
2289,0.042769823516251186
2290,0.03373290561575392
2291,0.04334701429556905
2292,0.03163263711561509
2293,0.025551856546994968
2294,0.03399191196470032
2295,0.034158690402524984
2296,0.03595757549770212
2297,0.04021285482776479
2298,0.03892766646001723
2299,0.03515041821215805
2300,0.030601317492285163
2301,0.04370465482321415
2302,0.03020408082501903
2303,0.035154011984280274
2304,0.03374267177068283
2305,0.035159732830325974
2306,0.035773219212564863
2307,0.03623061253278668
2308,0.030027544827131304
2309,0.03294786518222527
2310,0.03207961845110026
2311,0.05082950507771254
2312,0.03929420599083694
2313,0.03723476362628523
2314,0.03307919257142414
2315,0.034924858637536124
2316,0.04312522235417941
2317,0.039391152633762916
2318,0.0379299334434949
2319,0.034324713252296225
2320,0.04049703987879695
2321,0.033363589382926585
2322,0.03984326465874536
2323,0.04459433722444902
2324,0.047973863990035906
2325,0.05076541433702629
2326,0.04486238797224327
2327,0.028786131802022885
2328,0.045171903689828076
2329,0.04526326363013106
2330,0.03163868512687118
2331,0.031433085974148414
2332,0.039883165861965955
2333,0.041960691838566655
2334,0.041799502979403276
2335,0.03626700321759556
2336,0.03593927624427639
2337,0.04362140963870243
2338,0.03759363751503464
2339,0.03174570048461883
2340,0.02939087314912648
2341,0.04485897760340391
2342,0.03635040384745559
2343,0.0352772662447003
2344,0.027887108662652472
2345,0.03710960141275256
2346,0.03337265413577013
2347,0.03837998526776807
2348,0.046495623102631944
2349,0.03281115183069999
2350,0.033952114280323624
2351,0.04439653647688396
2352,0.038790712914391054
2353,0.03914840802391877
2354,0.03179437962894687
2355,0.03191472905429571
2356,0.035296604333271586
2357,0.044808657887440526
2358,0.030342993526087565
2359,0.03540939945863343
2360,0.03961313619913785
2361,0.035043194134948406
2362,0.0341615688679893
2363,0.03524955552071003
2364,0.03901173595601824
2365,0.03567965435624908
2366,0.09606643882739525
2367,0.03353121893764491
2368,0.046414240956975085
2369,0.040919608444350365
2370,0.03349148091086187
2371,0.03796448303676218
2372,0.005177058136666562
2373,0.03408944317288888
2374,0.049125912487669496
2375,0.03699950606555398
2376,0.04146669064992539
2377,0.05043130488842303
2378,0.043265687234263744
2379,0.0321953015719746
2380,0.034297532325733
2381,0.04694657280717428
2382,0.03780114104502091
2383,0.03601234273361137
2384,0.035734588609119385
2385,0.03915825995558399
2386,0.03326121923599008
2387,0.03852167777647911
2388,0.033948424302574255
2389,0.045600830339927276
2390,0.028482991245038253
2391,0.04117544259926226
2392,0.03213756326382132
2393,0.048454139414267995
2394,0.0371869389086103
2395,0.02908039653791598
2396,0.045639581464087496
2397,0.03135243277129344
2398,0.03365270530019428
2399,0.042574470625504054
2400,0.04727678400563505
2401,0.03485523129994219
2402,0.034803125075322607
2403,0.03438815791524359
2404,0.035205670303515436
2405,0.04490942970571711
2406,0.03365197979312762
2407,0.031249457262514636
2408,0.030557593398417147
2409,0.034446234028567856
2410,0.029618165743390636
2411,0.030566044048541553
2412,0.04125694562826483
2413,0.03690679480277201
2414,0.03129080808821404
2415,0.033861137430135926
2416,0.032963513945125714
2417,0.04091766037494936
2418,0.03550881666686207
2419,0.0329290113051987
2420,0.036306843692543535
2421,0.031638996458468016
2422,0.041479856717708194
2423,0.032940630484907384
2424,0.031303494475590346
2425,0.038204851951044214
2426,0.040263074296354465
2427,0.03455568835152584
2428,0.03427655732352998
2429,0.03977138509002733
2430,0.04076865378204801
2431,0.04334616656184851
2432,0.03409429287775719
2433,0.0398353223889999
2434,0.031296905525730626
2435,0.03914944184308969
2436,0.03755544420821318
2437,0.0376276848455014
2438,0.03582220773149426
2439,0.03328609215480488
2440,0.03756786004557847
2441,0.0375524494622047
2442,0.0360059051161162
2443,0.04268948677070793
2444,0.03341761192847571
2445,0.03470611337671845
2446,0.029918229159186384
2447,0.030584537758173956
2448,0.0334057349336104
2449,0.034819010057926036
2450,0.03366026119411777
2451,0.03610713975298289
2452,0.0399040509954353
2453,0.035496829533313456
2454,0.05004507268040479
2455,0.03473053777769748
2456,0.030951155519320993
2457,0.04257242251602703
2458,0.03538293392187204
2459,0.03583889704795408
2460,0.036677968638184774
2461,0.037874423902716906
2462,0.033180094986589595
2463,0.037605024478992444
2464,0.03869750855359901
2465,0.036266869190290395
2466,0.043828993485037424
2467,0.03699497712842011
2468,0.04013305765754766
2469,0.03437644570907885
2470,0.037199562361314706
2471,0.04057789478461763
2472,0.03796479860886881
2473,0.04785534285489522
2474,0.03901960423917179
2475,0.04448248361743537
2476,0.03417039942891934
2477,0.03497250467687949
2478,0.050408505661656035
2479,0.04014209443229848
2480,0.034702916168437084
2481,0.03361883751526268
2482,0.03803921688877458
2483,0.0444257903409662
2484,0.03948911480359239
2485,0.036093541934701066
2486,0.03332603110119471
2487,0.03868530057590588
2488,0.03378152247792906
2489,0.031301112252710685
2490,0.03982467473797488
2491,0.041453453913942354
2492,0.033217603087037
2493,0.032332036213621455
2494,0.04207057816318105
2495,0.04145971989788605
2496,0.0439070338757796
2497,0.03940490799053407
2498,0.036179533247922994
2499,0.04048245285827663
2500,0.037171488562505815
